{
  "eye": {
    "orientation": [
      0,
      0,
      -0.9899845719337463,
      0.1411755383014679
    ],
    "magnitude": 1,
    "position": [
      0,
      0,
      0
    ]
  },
  "radius": 512,
  "type": "TWO_D"
}